
<!--
/**
 * Webkul Software
 *
 * @category    Webkul
 * @package     Webkul_Blog
 * @author      Webkul
 * @copyright   Copyright (c) Webkul Software Private Limited (https://webkul.com)
 * @license     https://store.webkul.com/license.html
 */
-->
<config xmlns:xsi="http://www.w3.org/2001/XMLSchema-instance" xsi:noNamespaceSchemaLocation="urn:magento:framework:ObjectManager/etc/config.xsd">
	<type name="Magento\Framework\View\Element\UiComponent\DataProvider\CollectionFactory">
		<arguments>
			<argument name="collections" xsi:type="array">
				<item name="blog_data_list_data_source" xsi:type="string">Webkul\Blog\Model\ResourceModel\Blog\Grid\Collection</item>
				<item name="blogcustomer_data_list_data_source" xsi:type="string">Webkul\Blog\Model\ResourceModel\BlogCustomer\Grid\Collection</item>
				<item name="postcomment_data_list_data_source" xsi:type="string">Webkul\Blog\Model\ResourceModel\PostComment\Grid\Collection</item>
				<item name="category_data_list_data_source" xsi:type="string">Webkul\Blog\Model\ResourceModel\Category\Grid\Collection</item>
			</argument>
		</arguments>
	</type>
	<type name="Webkul\Blog\Model\ResourceModel\Blog\Grid\Collection">
		<arguments>
			<argument name="mainTable" xsi:type="string">wk_blog</argument>
			<argument name="eventPrefix" xsi:type="string">Blog_Blog_grid_collection</argument>
			<argument name="eventObject" xsi:type="string">Blog_grid_collection</argument>
			<argument name="resourceModel" xsi:type="string">Webkul\Blog\Model\ResourceModel\Blog</argument>
		</arguments>
	</type>	
	 <type name="Webkul\Blog\Model\ResourceModel\BlogCustomer\Grid\Collection">
        <arguments>
			<argument name="mainTable" xsi:type="string">wk_blogcustomer</argument>
			<argument name="eventPrefix" xsi:type="string">Blog_BlogCustomer_grid_collection</argument>
			<argument name="eventObject" xsi:type="string">BlogCustomer_grid_collection</argument>
			<argument name="resourceModel" xsi:type="string">Webkul\Blog\Model\ResourceModel\BlogCustomer</argument>
        </arguments>
    </type>
    <type name="Webkul\Blog\Model\ResourceModel\PostComment\Grid\Collection">
		<arguments>
			<argument name="mainTable" xsi:type="string">wk_postcomment</argument>
			<argument name="eventPrefix" xsi:type="string">Blog_PostComment_grid_collection</argument>
			<argument name="eventObject" xsi:type="string">PostComment_grid_collection</argument>
			<argument name="resourceModel" xsi:type="string">Webkul\Blog\Model\ResourceModel\PostComment</argument>
		</arguments>
	</type>
	<type name="Webkul\Blog\Model\ResourceModel\Category\Grid\Collection">
        <arguments>
			<argument name="mainTable" xsi:type="string">wk_category</argument>
			<argument name="eventPrefix" xsi:type="string">Blog_Category_grid_collection</argument>
			<argument name="eventObject" xsi:type="string">Category_grid_collection</argument>
			<argument name="resourceModel" xsi:type="string">Webkul\Blog\Model\ResourceModel\BlogCustomer</argument>
        </arguments>
    </type>	
	<virtualType name="userGridFilterPool" type="Magento\Framework\View\Element\UiComponent\DataProvider\FilterPool">
		<arguments>
			<argument name="appliers" xsi:type="array">
				<item name="regular" xsi:type="object">Magento\Framework\View\Element\UiComponent\DataProvider\RegularFilter</item>
				<item name="fulltext" xsi:type="object">Magento\Framework\View\Element\UiComponent\DataProvider\FulltextFilter</item>
			</argument>
		</arguments>
	</virtualType>
	<virtualType name="BlogGridFilterPool" type="Magento\Framework\View\Element\UiComponent\DataProvider\DataProvider">
		<arguments>
			<argument name="collection" xsi:type="object" shared="false">Webkul\Blog\Model\ResourceModel\Blog\Collection</argument>
			<argument name="filterPool" xsi:type="object" shared="false">userGridFilterPool</argument>
		</arguments>
	</virtualType>
	<virtualType name="BlogCustomerGridFilterPool" type="Magento\Framework\View\Element\UiComponent\DataProvider\DataProvider">
        <arguments>
          <argument name="collection" xsi:type="object" shared="false">Webkul\Blog\Model\ResourceModel\BlogCustomer\Collection</argument>
			<argument name="filterPool" xsi:type="object" shared="false">userGridFilterPool</argument>
        </arguments>
    </virtualType>
    <virtualType name="PostCommentCustomerGridFilterPool" type="Magento\Framework\View\Element\UiComponent\DataProvider\DataProvider">
        <arguments>
          <argument name="collection" xsi:type="object" shared="false">Webkul\Blog\Model\ResourceModel\PostComment\Collection</argument>
			<argument name="filterPool" xsi:type="object" shared="false">userGridFilterPool</argument>
        </arguments>
    </virtualType>
	<virtualType name="categoryGridFilterPool" type="Magento\Framework\View\Element\UiComponent\DataProvider\DataProvider">
		<arguments>
			<argument name="collection" xsi:type="object" shared="false">Webkul\Blog\Model\ResourceModel\category\Collection</argument>
			<argument name="filterPool" xsi:type="object" shared="false">userGridFilterPool</argument>
		</arguments>
	</virtualType>
    <preference for="Webkul\Blog\Api\Data\BlogCustomerInterface" type="Webkul\Blog\Model\BlogCustomer" />
	<preference for="Webkul\Blog\Api\BlogCustomerRepositoryInterface" type="Webkul\Blog\Model\BlogCustomerRepository" />
	<preference for="Webkul\Blog\Api\Data\CategoryInterface" type="Webkul\Blog\Model\Category" />
    <preference for="Webkul\Blog\Api\CategoryRepositoryInterface" type="Webkul\Blog\Model\CategoryRepository" />
    <preference for="Webkul\Blog\Api\Data\BlogInterface" type="Webkul\Blog\Model\Blog" />
    <preference for="Webkul\Blog\Api\BlogRepositoryInterface" type="Webkul\Blog\Model\BlogRepository" />
    <preference for="Webkul\Blog\Api\Data\PostCommentInterface" type="Webkul\Blog\Model\PostComment" />
    <preference for="Webkul\Blog\Api\PostCommentRepositoryInterface" type="Webkul\Blog\Model\PostCommentRepository" />

	<!-- Blog Post Admin Grid -->
	 <virtualType name="BlogPostGridDataProvider" type="Magento\Framework\View\Element\UiComponent\DataProvider\DataProvider">
        <arguments>
            <argument name="collection" xsi:type="object" shared="false">Webkul\Blog\Model\ResourceModel\Blog\Collection</argument>
            <argument name="filterPool" xsi:type="object" shared="false">BlogPostFilterPool</argument>
        </arguments>
    </virtualType>

    <virtualType name="BlogPostGridDataProvider" type="Magento\Framework\View\Element\UiComponent\DataProvider\DataProvider">
        <arguments>
            <argument name="collection" xsi:type="object" shared="false">Webkul\Blog\Model\ResourceModel\Blog\Collection</argument>
            <argument name="filterPool" xsi:type="object" shared="false">BlogPostFilterPool</argument>
        </arguments>
    </virtualType>

    <virtualType name="BlogPostFilterPool" type="Magento\Framework\View\Element\UiComponent\DataProvider\FilterPool">
        <arguments>
            <argument name="appliers" xsi:type="array">
                <item name="regular" xsi:type="object">Magento\Framework\View\Element\UiComponent\DataProvider\RegularFilter</item>
                <item name="fulltext" xsi:type="object">Magento\Framework\View\Element\UiComponent\DataProvider\FulltextFilter</item>
            </argument>
        </arguments>
    </virtualType>

    <type name="Magento\Framework\View\Element\UiComponent\DataProvider\CollectionFactory">
        <arguments>
            <argument name="collections" xsi:type="array">
                <item name="blog_post_listing_data_source" xsi:type="string">Webkul\Blog\Model\ResourceModel\Blog\Collection</item>
            </argument>
        </arguments>
    </type>

    <virtualType name="Webkul\Blog\Model\ResourceModel\Blog\Collection" type="Magento\Framework\View\Element\UiComponent\DataProvider\SearchResult">
        <arguments>
            <argument name="mainTable" xsi:type="string">wk_blog</argument>
            <argument name="resourceModel" xsi:type="string">Webkul\Blog\Model\ResourceModel\Blog</argument>
        </arguments>
    </virtualType>
</config>
