<?xml version="1.0"?>
<!--
/**
 * Webkul Software.
 *
 * @category  Webkul
 * @package   Webkul_Blog
 * @author    Webkul
 * @copyright Copyright (c) Webkul Software Private Limited (https://webkul.com)
 * @license   https://store.webkul.com/license.html
 */
-->
<config xmlns:xsi="http://www.w3.org/2001/XMLSchema-instance" xsi:noNamespaceSchemaLocation="urn:magento:framework:Acl/etc/acl.xsd">
    <acl>
        <resources>
            <resource id="Magento_Backend::admin">
                <resource id="Webkul_Blog::blog" title="Webkul Blog" sortOrder="10" >
                        <resource id="Webkul_Blog::manageblog" title="Manage Blog" sortOrder="9" />
                        <resource id="Webkul_Blog::manageblogger" title="Manage Bloggers" sortOrder="10" />
                        <resource id="Webkul_Blog::managecategories" title="Manage Categories" sortOrder="11" />
                </resource>
                <resource id="Magento_Backend::stores">
                    <resource id="Magento_Backend::stores_settings">
                        <resource id="Magento_Config::config">
                            <resource id="Webkul_Blog::config_comments" title="Blog Configuration Section" sortOrder="50" />
                        </resource>
                    </resource>
                </resource>
            </resource>
        </resources>
    </acl>
</config>